{
    "Logistic Regression": {
        "cv_accuracy_mean": 0.49971249999999995,
        "cv_accuracy_std": 0.0018021688322685152,
        "test_accuracy": 0.50765,
        "test_precision": 0.5074700580318557,
        "test_recall": 0.41231942215088285,
        "test_f1": 0.4549731554768362
    },
    "Decision Tree": {
        "cv_accuracy_mean": 0.4984875000000001,
        "cv_accuracy_std": 0.005569504017414835,
        "test_accuracy": 0.5023,
        "test_precision": 0.5007019655034095,
        "test_recall": 0.5009028892455859,
        "test_f1": 0.500802407221665
    },
    "Random Forest": {
        "cv_accuracy_mean": 0.5014125,
        "cv_accuracy_std": 0.0024995624617120313,
        "test_accuracy": 0.5004,
        "test_precision": 0.49878271454656115,
        "test_recall": 0.4932784911717496,
        "test_f1": 0.49601533340058507
    },
    "Gradient Boosting": {
        "cv_accuracy_mean": 0.502275,
        "cv_accuracy_std": 0.005284204055484627,
        "test_accuracy": 0.50215,
        "test_precision": 0.5007498295841855,
        "test_recall": 0.36847913322632425,
        "test_f1": 0.42455065595561464
    }
}